label_set,labels_path,engine,mode,status,files,labels,files_with_box,files_with_text,box_detect_rate,text_detect_rate,value_match_rate,name_match_rate,full_match_rate,predictions,elapsed_s,error
labels,labels.md,surya,raw_no_parser,ok,31,78,31,31,1.0,1.0,0.9871794871794872,0.41025641025641024,0.38461538461538464,,17.957916157998625,
labels,labels.md,surya,regex_parser,ok,31,78,,29,,0.9354838709677419,0.7307692307692307,0.7051282051282052,0.6282051282051282,60,15.493623755988665,
labels,labels.md,surya,local_llm_parser,ok,31,78,,31,,1.0,0.9615384615384616,0.8974358974358975,0.8974358974358975,78,130.08896231200015,
validation_labels,validation_labels.md,surya,raw_no_parser,ok,78,214,77,77,0.9871794871794872,0.9871794871794872,0.9392523364485982,0.35046728971962615,0.3411214953271028,,45.03482725399954,
validation_labels,validation_labels.md,surya,regex_parser,ok,78,214,,73,,0.9358974358974359,0.6915887850467289,0.6261682242990654,0.5514018691588785,155,41.02888394701222,
validation_labels,validation_labels.md,surya,local_llm_parser,ok,78,214,,74,,0.9487179487179487,0.8785046728971962,0.8177570093457944,0.7850467289719626,195,343.83975057900716,
