{
  "mean": 0.8799427967754606,
  "std": 0.2564247682538246
}
