{
  "mean": 0.5511669817763859,
  "std": 0.39243641833523396
}
