{
  "mean": 0.884728654464895,
  "std": 0.2134113618828231
}
